{
  "MAE": 0.44348574372117494,
  "RMSE": 0.5877492709247684,
  "R2": 0.48036045763014323
}