{
  "MAE": 0.28977188837534845,
  "RMSE": 0.4255427839528615,
  "R2": 0.7276016614099228
}