Fold,MAE,RMSE,R2
1,0.5866840212759661,0.8256664708432087,-0.007359467689403987
2,0.6737087623567272,0.9045943538505132,-0.26707333751723406
3,0.6293724122525638,0.8825816752085687,-0.09821728746022629
4,0.6375015507658855,0.8967884582527305,-0.2058599079892829
5,0.6542166866437414,0.8381855009345391,-0.1479237657490522
